,data,denominazione_regione,denominazione_provincia,totale_casi,deceduti
0,2020-05-05T17:00:00,Abruzzo,Chieti,767,335
1,2020-05-05T17:00:00,Abruzzo,L'Aquila,242,335
2,2020-05-05T17:00:00,Abruzzo,Pescara,1375,335
3,2020-05-05T17:00:00,Abruzzo,Teramo,641,335
4,2020-05-05T17:00:00,Basilicata,Matera,200,25
5,2020-05-05T17:00:00,Basilicata,Potenza,196,25
6,2020-05-05T17:00:00,P.A. Bolzano,Bolzano,2542,286
7,2020-05-05T17:00:00,Calabria,Catanzaro,208,88
8,2020-05-05T17:00:00,Calabria,Cosenza,459,88
9,2020-05-05T17:00:00,Calabria,Crotone,118,88
10,2020-05-05T17:00:00,Calabria,Reggio di Calabria,257,88
11,2020-05-05T17:00:00,Calabria,Vibo Valentia,75,88
12,2020-05-05T17:00:00,Campania,Avellino,469,369
13,2020-05-05T17:00:00,Campania,Benevento,186,369
14,2020-05-05T17:00:00,Campania,Caserta,424,369
15,2020-05-05T17:00:00,Campania,Napoli,2486,369
16,2020-05-05T17:00:00,Campania,Salerno,662,369
17,2020-05-05T17:00:00,Emilia-Romagna,Bologna,4619,3705
18,2020-05-05T17:00:00,Emilia-Romagna,Ferrara,940,3705
19,2020-05-05T17:00:00,Emilia-Romagna,ForlÃ¬-Cesena,1625,3705
20,2020-05-05T17:00:00,Emilia-Romagna,Modena,3758,3705
21,2020-05-05T17:00:00,Emilia-Romagna,Parma,3230,3705
22,2020-05-05T17:00:00,Emilia-Romagna,Piacenza,4286,3705
23,2020-05-05T17:00:00,Emilia-Romagna,Ravenna,986,3705
24,2020-05-05T17:00:00,Emilia-Romagna,Reggio nell'Emilia,4788,3705
25,2020-05-05T17:00:00,Emilia-Romagna,Rimini,2043,3705
26,2020-05-05T17:00:00,Friuli Venezia Giulia,Gorizia,189,303
27,2020-05-05T17:00:00,Friuli Venezia Giulia,Pordenone,646,303
28,2020-05-05T17:00:00,Friuli Venezia Giulia,Trieste,1292,303
29,2020-05-05T17:00:00,Friuli Venezia Giulia,Udine,958,303
30,2020-05-05T17:00:00,Lazio,Frosinone,571,534
31,2020-05-05T17:00:00,Lazio,Latina,504,534
32,2020-05-05T17:00:00,Lazio,Rieti,327,534
33,2020-05-05T17:00:00,Lazio,Roma,5005,534
34,2020-05-05T17:00:00,Lazio,Viterbo,401,534
35,2020-05-05T17:00:00,Liguria,Genova,4923,1232
36,2020-05-05T17:00:00,Liguria,Imperia,1376,1232
37,2020-05-05T17:00:00,Liguria,La Spezia,865,1232
38,2020-05-05T17:00:00,Liguria,Savona,1304,1232
39,2020-05-05T17:00:00,Lombardia,Bergamo,11550,14389
40,2020-05-05T17:00:00,Lombardia,Brescia,13168,14389
41,2020-05-05T17:00:00,Lombardia,Como,3364,14389
42,2020-05-05T17:00:00,Lombardia,Cremona,6130,14389
43,2020-05-05T17:00:00,Lombardia,Lecco,2371,14389
44,2020-05-05T17:00:00,Lombardia,Lodi,3114,14389
45,2020-05-05T17:00:00,Lombardia,Mantova,3215,14389
46,2020-05-05T17:00:00,Lombardia,Milano,20398,14389
47,2020-05-05T17:00:00,Lombardia,Monza e della Brianza,4881,14389
48,2020-05-05T17:00:00,Lombardia,Pavia,4551,14389
49,2020-05-05T17:00:00,Lombardia,Sondrio,1223,14389
50,2020-05-05T17:00:00,Lombardia,Varese,2891,14389
51,2020-05-05T17:00:00,Marche,Ancona,1820,936
52,2020-05-05T17:00:00,Marche,Ascoli Piceno,285,936
53,2020-05-05T17:00:00,Marche,Fermo,453,936
54,2020-05-05T17:00:00,Marche,Macerata,1042,936
55,2020-05-05T17:00:00,Marche,Pesaro e Urbino,2586,936
56,2020-05-05T17:00:00,Molise,Campobasso,226,22
57,2020-05-05T17:00:00,Molise,Isernia,56,22
58,2020-05-05T17:00:00,Piemonte,Alessandria,3606,3216
59,2020-05-05T17:00:00,Piemonte,Asti,1629,3216
60,2020-05-05T17:00:00,Piemonte,Biella,993,3216
61,2020-05-05T17:00:00,Piemonte,Cuneo,2559,3216
62,2020-05-05T17:00:00,Piemonte,Novara,2394,3216
63,2020-05-05T17:00:00,Piemonte,Torino,14018,3216
64,2020-05-05T17:00:00,Piemonte,Verbano-Cusio-Ossola,1067,3216
65,2020-05-05T17:00:00,Piemonte,Vercelli,1149,3216
66,2020-05-05T17:00:00,Puglia,Bari,1328,433
67,2020-05-05T17:00:00,Puglia,Barletta-Andria-Trani,379,433
68,2020-05-05T17:00:00,Puglia,Brindisi,590,433
69,2020-05-05T17:00:00,Puglia,Foggia,1077,433
70,2020-05-05T17:00:00,Puglia,Lecce,498,433
71,2020-05-05T17:00:00,Puglia,Taranto,265,433
72,2020-05-05T17:00:00,Sardegna,Cagliari,243,119
73,2020-05-05T17:00:00,Sardegna,Nuoro,78,119
74,2020-05-05T17:00:00,Sardegna,Oristano,55,119
75,2020-05-05T17:00:00,Sardegna,Sassari,848,119
76,2020-05-05T17:00:00,Sardegna,Sud Sardegna,94,119
77,2020-05-05T17:00:00,Sicilia,Agrigento,135,247
78,2020-05-05T17:00:00,Sicilia,Caltanissetta,162,247
79,2020-05-05T17:00:00,Sicilia,Catania,1012,247
80,2020-05-05T17:00:00,Sicilia,Enna,418,247
81,2020-05-05T17:00:00,Sicilia,Messina,551,247
82,2020-05-05T17:00:00,Sicilia,Palermo,521,247
83,2020-05-05T17:00:00,Sicilia,Ragusa,94,247
84,2020-05-05T17:00:00,Sicilia,Siracusa,235,247
85,2020-05-05T17:00:00,Sicilia,Trapani,139,247
86,2020-05-05T17:00:00,Toscana,Arezzo,652,889
87,2020-05-05T17:00:00,Toscana,Firenze,3242,889
88,2020-05-05T17:00:00,Toscana,Grosseto,415,889
89,2020-05-05T17:00:00,Toscana,Livorno,529,889
90,2020-05-05T17:00:00,Toscana,Lucca,1310,889
91,2020-05-05T17:00:00,Toscana,Massa Carrara,1020,889
92,2020-05-05T17:00:00,Toscana,Pisa,860,889
93,2020-05-05T17:00:00,Toscana,Pistoia,647,889
94,2020-05-05T17:00:00,Toscana,Prato,531,889
95,2020-05-05T17:00:00,Toscana,Siena,425,889
96,2020-05-05T17:00:00,P.A. Trento,Trento,4261,433
97,2020-05-05T17:00:00,Umbria,Perugia,992,70
98,2020-05-05T17:00:00,Umbria,Terni,357,70
99,2020-05-05T17:00:00,Valle d'Aosta,Aosta,1143,139
100,2020-05-05T17:00:00,Veneto,Belluno,1140,1545
101,2020-05-05T17:00:00,Veneto,Padova,3876,1545
102,2020-05-05T17:00:00,Veneto,Rovigo,429,1545
103,2020-05-05T17:00:00,Veneto,Treviso,2560,1545
104,2020-05-05T17:00:00,Veneto,Venezia,2519,1545
105,2020-05-05T17:00:00,Veneto,Verona,4831,1545
106,2020-05-05T17:00:00,Veneto,Vicenza,2722,1545
